{"cameraMode":{"drawMode":0,"name":"Shaded","section":"Shading Mode"},"sceneLighting":true,"audioPlay":false,"sceneViewState":{"m_AlwaysRefresh":false,"showFog":true,"showSkybox":true,"showFlares":true,"showImageEffects":true,"showParticleSystems":true,"showVisualEffectGraphs":true,"m_FxEnabled":true},"in2DMode":false,"pivot":{"x":-161.9839324951172,"y":15.865059852600098,"z":-5.69809627532959},"rotation":{"x":-0.00022034530411474407,"y":-0.9977751970291138,"z":0.0033023443538695575,"w":-0.06684543937444687},"size":18.3271541595459,"orthographic":false}